filename,img_class,bin 0,bin 1,bin 2,bin 3,bin 4,bin 5,bin 6,bin 7,bin 8,bin 9,bin 10,bin 11,bin 12,bin 13,bin 14,bin 15,bin 16,bin 17,bin 18,bin 19,bin 20,bin 21,bin 22,bin 23,bin 24,bin 25,bin 26,bin 27,bin 28,bin 29,bin 30,bin 31,bin 32,bin 33,bin 34,bin 35,bin 36,bin 37,bin 38,bin 39,bin 40,bin 41,bin 42,bin 43,bin 44,bin 45,bin 46,bin 47,bin 48,bin 49,bin 50,bin 51,bin 52,bin 53,bin 54,bin 55,bin 56,bin 57,bin 58,bin 59,bin 60,bin 61,bin 62,bin 63,bin 64,bin 65,bin 66,bin 67,bin 68,bin 69,bin 70,bin 71,bin 72,bin 73,bin 74,bin 75,bin 76,bin 77,bin 78,bin 79
00000_00000_00000.png,0,0.017516120208416173,0.017516120208416173,0.017516120208416173,0.016613415919833497,0.012738019742019137,0.010935084628670043,0.009849902249602567,0.015885988204647924,0.017516120208416173,0.017516120208416173,0.017516120208416173,0.015570010932417817,0.01155528069726447,0.006928362578451188,0.004598025551020169,0.005620046514906446,0.004492680661729646,0.007506779264793537,0.009794106387231487,0.010645064120583811,0.016485882671130346,0.00845475420630572,0.007927178462280988,0.0057543081727128515,0.004149640131479442,0.008330636777406213,0.0063221844680848415,0.010481609209744962,0.016485882671130346,0.016485882671130346,0.016485882671130346,0.016485882671130346,0.016485882671130346,0.011126895720987824,0.010211451205262557,0.016485882671130346,0.01573078221537382,0.016485882671130346,0.016485882671130346,0.013604451345314095,0.01581372731002342,0.013454173539568726,0.009342582214873907,0.00641062061800398,0.002937341215431945,0.006404687812608392,0.006640171512446711,0.01068043628605833,0.013841875120373244,0.01581372731002342,0.01581372731002342,0.01581372731002342,0.01581372731002342,0.014879343805150685,0.014193695871720145,0.01581372731002342,0.014343108711968143,0.01581372731002342,0.01581372731002342,0.013137395294736048,0.017045879131891956,0.017045879131891956,0.017045879131891956,0.013111936313835707,0.009823382287947073,0.016563152864295747,0.010520431045105886,0.01478711384091246,0.015436168036144452,0.010549209156337743,0.017045879131891956,0.012266156376799201,0.010909925578106447,0.005082185552197773,0.002623899031674386,0.0061456385169089715,0.005661308397407863,0.013172643069051868,0.017045879131891956,0.017045879131891956
00000_00000_00001.png,0,0.017785636336968662,0.017785636336968662,0.017785636336968662,0.015488014939534795,0.011023329994815041,0.016596515397570757,0.01249531716003857,0.017785636336968662,0.017785636336968662,0.017785636336968662,0.017785636336968662,0.00794497320800664,0.006241128484628967,0.004120198753114574,0.003510111789930575,0.004918062466885818,0.003482249673549293,0.008074034567346794,0.009814271457807569,0.014766806360307002,0.016773672273219867,0.008041437517001678,0.005830506380031614,0.0038360739619773673,0.004313298466728758,0.00738082139663309,0.0075840987112296325,0.012921605950951128,0.016773672273219867,0.016773672273219867,0.016773672273219867,0.016773672273219867,0.016773672273219867,0.01170143034143221,0.009278623655082233,0.015234825770386054,0.012500454184506403,0.016773672273219867,0.016773672273219867,0.016773672273219867,0.016555978679014115,0.013678858393352334,0.010329970384998464,0.009002994078429642,0.0052964728954070905,0.00806676421422768,0.006870366938890964,0.012300941309062422,0.015620084494087784,0.016555978679014115,0.016555978679014115,0.016555978679014115,0.015511099056877017,0.010683443666864889,0.009111804830023147,0.011834844838622285,0.013330840206200357,0.015617024431125774,0.016555978679014115,0.016555978679014115,0.016907511852027587,0.016907511852027587,0.016907511852027587,0.016907511852027587,0.013829771046015217,0.016907511852027587,0.011870599364719774,0.015565051318028093,0.013607378463064156,0.01226030360205335,0.016907511852027587,0.009403846765449085,0.008676809874760008,0.005335427312173743,0.002607214273115947,0.0063155057182418105,0.005802171786415192,0.013098868761102785,0.014122391531156898,0.016907511852027587
00000_00000_00002.png,0,0.017292796087042733,0.017292796087042733,0.017292796087042733,0.017292796087042733,0.012437649741001833,0.012387688880314218,0.012957759999471422,0.01690696728055422,0.017292796087042733,0.017292796087042733,0.017292796087042733,0.011330399540475756,0.00989394686469901,0.0072215940636618774,0.0047351849694533465,0.008350393153953412,0.006435905879324734,0.007513028982697398,0.007383393005293144,0.009474465503196805,0.016412087426111138,0.0061297918966567,0.005811439922446151,0.005865349180877504,0.004306310449375245,0.00892600047786123,0.006798106628812976,0.010063820811525627,0.016412087426111138,0.016412087426111138,0.016412087426111138,0.01356199524599532,0.01615317686015412,0.012247722819449377,0.012192782070137551,0.016412087426111138,0.01476696555789438,0.016412087426111138,0.016412087426111138,0.016412087426111138,0.015674417552242928,0.010356138776170337,0.010865038005434499,0.00845194915940334,0.005576462789585732,0.007141988410278216,0.0053866600697799185,0.011429569663845604,0.01549156346664183,0.015674417552242928,0.015674417552242928,0.015674417552242928,0.015674417552242928,0.013157635133087797,0.009655328905789684,0.015674417552242928,0.014556370781407061,0.015674417552242928,0.015674417552242928,0.015674417552242928,0.015962743543511557,0.015962743543511557,0.015962743543511557,0.015962743543511557,0.013962785309486844,0.014670271428169342,0.008165318677772595,0.011203571190956054,0.015962743543511557,0.015962743543511557,0.015962743543511557,0.01133396896791704,0.00997112900056898,0.005666603088494549,0.0041286187257858625,0.008247840222584952,0.005629084234844839,0.014343360748539728,0.01563892512170503,0.015962743543511557
00000_00000_00003.png,0,0.017572975039992025,0.017572975039992025,0.017572975039992025,0.012986045894776664,0.010017905542379092,0.016618570504289474,0.012222125764338065,0.015452036384082391,0.017572975039992025,0.017572975039992025,0.017572975039992025,0.010185538259670291,0.008061249642642931,0.006762855112638188,0.0045196805925434924,0.006295991521995692,0.005625526055963489,0.009717054979685296,0.010991640204596741,0.012205235084741821,0.016351895014217955,0.006792410735340469,0.005878090925227354,0.004032648081081384,0.005563100267299441,0.01001171588234115,0.007599491568813747,0.010093338973146331,0.016351895014217955,0.016351895014217955,0.016351895014217955,0.011272304980561823,0.014134192300077156,0.014617271982178446,0.016351895014217955,0.016351895014217955,0.012373009567749194,0.01536637938509411,0.016351895014217955,0.016351895014217955,0.015816283876197195,0.008734417737723705,0.008819310158909414,0.009433139876070806,0.007210713618571967,0.008463856813407255,0.006345916997995399,0.012190648449810751,0.015816283876197195,0.015816283876197195,0.015816283876197195,0.015816283876197195,0.014415477721070973,0.01212751044117834,0.013154651492772675,0.015816283876197195,0.012726758921193546,0.015816283876197195,0.015816283876197195,0.014486348694093251,0.015955948490590514,0.015955948490590514,0.015955948490590514,0.015955948490590514,0.012238248653260623,0.01488270432756811,0.01112972345054654,0.015055034831129717,0.01544096668506145,0.01450237589420692,0.015955948490590514,0.00959634147906458,0.009745394009617343,0.005955000244226204,0.0032047871206498236,0.006770647608432759,0.005559364411823188,0.013940329370953854,0.015955948490590514,0.015955948490590514
00000_00000_00004.png,0,0.018081779672262918,0.018081779672262918,0.018081779672262918,0.018081779672262918,0.014453344575079354,0.014043556869151347,0.014208277276212034,0.018081511202904146,0.018081779672262918,0.018081779672262918,0.018081779672262918,0.010808166264241652,0.007212406879205587,0.004732786192839168,0.004505276627710885,0.005676078475292727,0.003853591454056145,0.005236392489478364,0.005424683196158535,0.008218749663075495,0.010125382783349976,0.004301558594602583,0.004363801255794454,0.0035033515147982024,0.0027938430335234443,0.008060003498167299,0.007047223628250119,0.008911567935664007,0.01802477310235162,0.01802477310235162,0.01802477310235162,0.013659120687665647,0.01802477310235162,0.01802477310235162,0.015046635788167458,0.01802477310235162,0.01802477310235162,0.01802477310235162,0.01345825232478112,0.0076914556101491125,0.01554548776112052,0.01376753545661376,0.010597914864099101,0.008268268573630446,0.007401621383070466,0.00998857505936538,0.009554578962176439,0.012849475203847903,0.01554548776112052,0.01554548776112052,0.01554548776112052,0.01554548776112052,0.01554548776112052,0.012270408988416899,0.012248601544416489,0.015529100808262326,0.010426096775320507,0.01554548776112052,0.01554548776112052,0.01554548776112052,0.017515649700574627,0.017515649700574627,0.017515649700574627,0.012121926648249797,0.010307378926579024,0.012116093314824633,0.00893043017970328,0.0137076399490506,0.017515649700574627,0.017515649700574627,0.017515649700574627,0.010558001957057283,0.010134825080608905,0.005040559248020647,0.0033234380088676347,0.006747427824304305,0.005174686742002644,0.012713166701857318,0.017515649700574627,0.017515649700574627
00000_00000_00005.png,0,0.017746203546357205,0.017746203546357205,0.017746203546357205,0.017746203546357205,0.011364958587870868,0.013832183747190911,0.017746203546357205,0.017646006474038602,0.017746203546357205,0.017746203546357205,0.017746203546357205,0.007990444392583297,0.006593676360445566,0.005827148930450768,0.0062148727892418956,0.006658706653871177,0.004733457148149716,0.006145463506018505,0.006468158401777398,0.008801017821280817,0.0168657126093603,0.005634191448635417,0.0045253365385796475,0.004087577623927364,0.003173542599124648,0.006448587946247743,0.006758767415733992,0.013691780371162574,0.0168657126093603,0.0168657126093603,0.0168657126093603,0.0168657126093603,0.0168657126093603,0.015966460162411513,0.009821580144806299,0.012300824945638701,0.014578797043348184,0.0168657126093603,0.0168657126093603,0.014505561580457788,0.015030360813971029,0.01422807575488034,0.011401400577222299,0.010392296624961776,0.008039183109358885,0.006226495510956561,0.004994779620522045,0.011718233581138162,0.015030360813971029,0.015030360813971029,0.015030360813971029,0.01459384135554606,0.015030360813971029,0.015030360813971029,0.012284257636588686,0.015030360813971029,0.015030360813971029,0.015030360813971029,0.015030360813971029,0.015030360813971029,0.016750533917638907,0.016750533917638907,0.016750533917638907,0.016750533917638907,0.01260991854953559,0.015338417369998593,0.008761674234169134,0.011787885692258013,0.016750533917638907,0.016750533917638907,0.016750533917638907,0.008382409393252318,0.010685914019917375,0.0040984023676458314,0.003163555096493734,0.007932533978487985,0.006342305519589357,0.01026521391631154,0.016750533917638907,0.016750533917638907
00000_00000_00006.png,0,0.0179604483410751,0.0179604483410751,0.0179604483410751,0.0179604483410751,0.013884949950062586,0.012964595249054824,0.014212838098178719,0.0179604483410751,0.0179604483410751,0.0179604483410751,0.0179604483410751,0.014803633063499766,0.008205215425821647,0.005382242500713502,0.0033331444260060383,0.0043884780387255405,0.0031606309374468786,0.00460388499972985,0.004470486660322398,0.006726427337936764,0.01235137892765894,0.0049059645856684075,0.005763699421309636,0.004147632904599573,0.003819749373400003,0.007241668329742924,0.005975643325054739,0.010072847360055188,0.017273050308075334,0.017273050308075334,0.017273050308075334,0.014188211212788699,0.017273050308075334,0.017273050308075334,0.014268526199291373,0.017273050308075334,0.017273050308075334,0.017273050308075334,0.015569365187096387,0.010968419658598214,0.014936105484819693,0.011238665813923781,0.01295300295110293,0.012560981574740945,0.010007454975758577,0.010812334156300807,0.007608011818623566,0.01009022461900287,0.014936105484819693,0.014936105484819693,0.014936105484819693,0.014936105484819693,0.014936105484819693,0.014936105484819693,0.013668635264479348,0.014936105484819693,0.012382721572929174,0.013640836440690772,0.014936105484819693,0.014936105484819693,0.01716928797943837,0.01716928797943837,0.01716928797943837,0.015877238196210095,0.011386790985573216,0.011563796493686279,0.006667992449955594,0.014559172715979604,0.016114919735063717,0.01716928797943837,0.01716928797943837,0.008959536503013394,0.00683551735313169,0.0036708724074667617,0.002786249888338604,0.0074148945510743814,0.006882739351535668,0.015493717111186097,0.01716928797943837,0.01716928797943837
00000_00000_00009.png,0,0.01875042152388863,0.019781420034908667,0.019781420034908667,0.01594800173343622,0.011593133745498583,0.016060471481981916,0.01308102063865394,0.016083296330855302,0.019781420034908667,0.019781420034908667,0.019781420034908667,0.009918270840889832,0.007077518300514691,0.004801254257518005,0.0049752604604246875,0.004252051263381029,0.003159951841515641,0.00492209059960624,0.004572099093084936,0.0040356995587300356,0.012502055504847353,0.004630632715055684,0.005110953977162443,0.00438302781205262,0.0037570991661312037,0.005403272352333037,0.004572188045139556,0.007343171275460154,0.015755909959830002,0.018715477714505477,0.018715477714505477,0.01701194903297978,0.01582100969778751,0.017882125229508793,0.01400624505895632,0.01530993061825878,0.012315038590325589,0.018715477714505477,0.018715477714505477,0.015429396789951075,0.016344835096967558,0.008970639108402083,0.009910692631889201,0.011024253615126847,0.00813302355286512,0.007712174710239963,0.004897873021652701,0.009273345824922752,0.014925549441892332,0.016344835096967558,0.016344835096967558,0.016344835096967558,0.016344835096967558,0.014567255595020149,0.013008626520326371,0.015666659645378646,0.01356294227375702,0.015192307253249106,0.016344835096967558,0.016344835096967558,0.01746619440071362,0.01746619440071362,0.01746619440071362,0.01564818143415653,0.011654600443568251,0.011986609965417118,0.010606026410483995,0.011414289859543967,0.01746619440071362,0.016800550825800304,0.01746619440071362,0.010701038908245525,0.009827766217571761,0.005075078656884227,0.0031896591578302533,0.007125871733303745,0.005797573710619988,0.01243212182987242,0.017450717040600524,0.01746619440071362
00000_00000_00010.png,0,0.014388147246467056,0.013338154305893161,0.018315441110163363,0.01584730941366173,0.01345329260946936,0.015658313908433315,0.0174652937458164,0.0199617915459878,0.0199617915459878,0.0199617915459878,0.0199617915459878,0.01004473827510624,0.00932793935410048,0.005369229586967509,0.004632952958798073,0.004999286408697469,0.003376613930422435,0.005013530583350172,0.004800607794612687,0.0049973296070414085,0.014329236242406566,0.004652971206377712,0.0052161285416747775,0.003601067263291821,0.005272322008451516,0.009284609881154197,0.006272872528260179,0.010417049679157367,0.017604370473614562,0.017604370473614562,0.017604370473614562,0.015617424326558629,0.017604370473614562,0.013764139144726904,0.013340158546729212,0.016455519573446112,0.011501107767079384,0.015540064078344925,0.017604370473614562,0.017604370473614562,0.016314998084859412,0.007537077791396726,0.008670255585498096,0.01212618698898909,0.007552764336517729,0.009570549889103662,0.006379275976836896,0.007509351633815637,0.016314998084859412,0.016314998084859412,0.016314998084859412,0.016314998084859412,0.016314998084859412,0.016314998084859412,0.013225561019301228,0.014948162698610792,0.012722203146167893,0.012798018270636926,0.016314998084859412,0.016314998084859412,0.017701186944970696,0.017701186944970696,0.014272053421365795,0.014760132557839457,0.0147972467295971,0.016379593308381506,0.009597478666987201,0.012241292688495501,0.017701186944970696,0.017701186944970696,0.017701186944970696,0.0073423744259882235,0.006586599472356387,0.00459160253028695,0.003821782139773899,0.005362319350876895,0.0034428331225881312,0.011255752217759832,0.017701186944970696,0.017701186944970696
00000_00000_00011.png,0,0.017186079892490425,0.01815737898923607,0.018530813370264725,0.018530813370264725,0.018530813370264725,0.018335716627420062,0.015633697009672883,0.014877485037507854,0.018530813370264725,0.018530813370264725,0.018530813370264725,0.01072449984851681,0.0075325233502812824,0.004279590743321393,0.0022806009188295487,0.0029520441826117365,0.00213743438553568,0.003117091000904095,0.0037442745802179996,0.00351478128814636,0.010558644328267005,0.004611212089635801,0.006594859475151223,0.0035805993040219242,0.0028023261415253222,0.0051842733730126924,0.00548712761896201,0.010473622750196523,0.017976533158718493,0.017976533158718493,0.017976533158718493,0.017976533158718493,0.017976533158718493,0.01574092012561852,0.013520023813017252,0.017976533158718493,0.017668450991339027,0.017976533158718493,0.017477271546286574,0.007622857601633288,0.016032347201100097,0.014635000764213578,0.011748955668242557,0.010057046536367596,0.0065570560758162555,0.009197935523799829,0.006111206300717563,0.00803405745431345,0.016032347201100097,0.016032347201100097,0.016032347201100097,0.016032347201100097,0.016032347201100097,0.014695202499436994,0.014733668074440803,0.015446237264848908,0.013789833145115945,0.014621834654383416,0.016032347201100097,0.013202612567690886,0.017902623536150446,0.017902623536150446,0.017902623536150446,0.014606266102855696,0.014564360010462882,0.016623470674654826,0.009575503022645242,0.013020683517176354,0.015747375996304092,0.016903670408153312,0.017902623536150446,0.008528119850980178,0.006402831318421925,0.0047495300484370956,0.0034958656172282515,0.005175254384527255,0.004527836464268175,0.010790415083916946,0.017902623536150446,0.017902623536150446
00000_00000_00012.png,0,0.01626976343427835,0.01479138772547232,0.01831136845741556,0.016090153381670358,0.013647673709376638,0.019882538086353863,0.016529310897771373,0.015304126063034048,0.019322286859193922,0.021192069038958105,0.021192069038958105,0.008588544610842944,0.007427297078088047,0.005212149087112811,0.0032434924116138495,0.004867434359499566,0.004206353325156399,0.004971662291549967,0.004789274359311658,0.005026573759819576,0.014364212232693307,0.004241597741936725,0.003864286115699993,0.003805619583649446,0.003154898059843923,0.0058819659726885845,0.00568907177168774,0.009111823548670388,0.017908626452333393,0.017908626452333393,0.017908626452333393,0.017908626452333393,0.016817231557645213,0.017908626452333393,0.012506446212698112,0.017157599415219035,0.015809769583774693,0.01264708934668179,0.015416674224156128,0.017908626452333393,0.016776899264644207,0.011094135430902114,0.011687377515672687,0.010499986304863327,0.007185536053417841,0.008712811662195372,0.005443732021838489,0.006242495537820004,0.014046007901620668,0.016776899264644207,0.016776899264644207,0.016776899264644207,0.016776899264644207,0.016700938036312094,0.00998674274703851,0.013075812389321387,0.01368068685953834,0.016776899264644207,0.015772446079736695,0.016776899264644207,0.017484329183674163,0.017484329183674163,0.017484329183674163,0.017484329183674163,0.013931877006975703,0.0156491687923019,0.010038082725936932,0.013610258807868567,0.0170510129759684,0.017484329183674163,0.017484329183674163,0.009255080018564971,0.0060227286713594305,0.003785093713804245,0.0022734424962253196,0.0057119396146130584,0.004440046562384005,0.008004059695293844,0.017484329183674163,0.017484329183674163
00000_00000_00013.png,0,0.01937775509329606,0.014934316108859036,0.019555111865530255,0.01935611637214836,0.015607208474439666,0.017126900600944676,0.01438459475533695,0.01472381314900152,0.019555111865530255,0.019555111865530255,0.019555111865530255,0.010433861464348831,0.007662568347198641,0.004256450303582017,0.001997120897975287,0.0048983597088237294,0.0036617369361941496,0.0037605803503073854,0.0030642851785800153,0.004366877424913624,0.015607224991066796,0.004564976098741709,0.006295361809015884,0.004725550914516268,0.003242960395943675,0.004973989660601019,0.0040145780300754694,0.00640969463964316,0.012553769114283167,0.017799894193090294,0.017799894193090294,0.017799894193090294,0.016989703107994032,0.015111268773314776,0.015245773675041435,0.017799894193090294,0.01376164246459264,0.017799894193090294,0.017799894193090294,0.017799894193090294,0.01658044226904925,0.010966090298857723,0.015364752978018497,0.009611551743003835,0.005315058035363592,0.00806660867033318,0.0037702955892899687,0.00623038659993728,0.01432892731585889,0.01658044226904925,0.01658044226904925,0.01658044226904925,0.01658044226904925,0.014728828033445262,0.008615797817718858,0.013674308065846288,0.015977597127611137,0.01658044226904925,0.01658044226904925,0.01658044226904925,0.018179342701183383,0.018179342701183383,0.018179342701183383,0.018179342701183383,0.014634572746356872,0.015871738476156527,0.010725330275062554,0.012035740776955964,0.013541955034971527,0.017643381422581643,0.018179342701183383,0.007914778379836208,0.00638888565234861,0.00440725841730656,0.003368226681585359,0.008206340330775793,0.008193774005331089,0.010491160694306131,0.012278314817112867,0.018179342701183383
00001_00000_00002.png,1,0.016417277758608715,0.016417277758608715,0.016417277758608715,0.013959330373191919,0.013622016432452403,0.016417277758608715,0.016417277758608715,0.016417277758608715,0.016417277758608715,0.016417277758608715,0.016417277758608715,0.008194181706048392,0.011918248879863048,0.0048977240078111155,0.0033892997559181477,0.00890730673101017,0.005226982621190098,0.012746135481265932,0.011561419310614472,0.008593283630359279,0.01732212849011927,0.008625682351225844,0.015324808041665383,0.00468645666073724,0.002276263475676753,0.012144764164186195,0.004632326752198809,0.013861240020996595,0.008745286952949287,0.005198969597553711,0.01732212849011927,0.01732212849011927,0.01732212849011927,0.013155588505838157,0.009588823673800626,0.01732212849011927,0.013412431421437571,0.01732212849011927,0.016986251887478362,0.013881449480134481,0.016411468305127026,0.013306999853408876,0.014683373150669862,0.006210377538113385,0.004088537532322985,0.00872360713988665,0.005427751211615909,0.012246604802700053,0.014311978510039444,0.012644919736762086,0.016411468305127026,0.01250701835285401,0.016411468305127026,0.010835371333954905,0.010333831901012001,0.016411468305127026,0.013901892934921922,0.016411468305127026,0.016411468305127026,0.016411468305127026,0.016891529619828077,0.016891529619828077,0.016891529619828077,0.011780015107729455,0.009334856621617803,0.016891529619828077,0.011601635663241388,0.016891529619828077,0.01502114359160172,0.009565228534091025,0.016891529619828077,0.007478606710064736,0.015221302903746816,0.006038569935842049,0.002096005231125764,0.009943580257160361,0.0036929843975254347,0.015010466456164703,0.01364781243334306,0.016891529619828077
00001_00000_00003.png,1,0.016705849685890724,0.015508629296963904,0.016705849685890724,0.015498234795039362,0.012345170556902155,0.016705849685890724,0.013853774683433216,0.016705849685890724,0.016705849685890724,0.016705849685890724,0.016705849685890724,0.008173249871985746,0.008927678112916032,0.0036261004263404245,0.0025179755726815398,0.009004341265351105,0.005945829916821289,0.012053690282671425,0.011038483824429127,0.014313179806875426,0.01740949181208101,0.009261692278952407,0.01586489062227793,0.00585317612526421,0.004412008161528235,0.013783228121920277,0.004591593077646528,0.01289327709579465,0.007180782304900002,0.00842990264320257,0.01740949181208101,0.01740949181208101,0.01740949181208101,0.01432981184815989,0.009877734131160484,0.01740949181208101,0.013759024546076281,0.01740949181208101,0.01545907872078598,0.009602127482564065,0.01690852407618965,0.01690852407618965,0.013765548483463204,0.005852175151759376,0.005023284990936443,0.009166282509977116,0.006251665034204602,0.013433535169602176,0.012539748717781001,0.007657002699378063,0.01690852407618965,0.010807230534872979,0.01690852407618965,0.011550469998028012,0.01028242157811867,0.01690852407618965,0.011024482721841866,0.01690852407618965,0.01690852407618965,0.01690852407618965,0.017656803432246296,0.015311852267276282,0.017656803432246296,0.013011674537889609,0.009413332868817376,0.017656803432246296,0.010606489930119907,0.017656803432246296,0.01378708416665699,0.007528458874045501,0.017656803432246296,0.007347732106736315,0.012076516734272895,0.00567511060566617,0.0032091889328826066,0.00982483470911549,0.003979644311582525,0.01428274580217961,0.01587990911343494,0.017656803432246296
00001_00000_00004.png,1,0.016604530100366104,0.016604530100366104,0.016604530100366104,0.01209381349401572,0.00865560563271785,0.016604530100366104,0.0165739997874067,0.016604530100366104,0.016604530100366104,0.01590264283575304,0.016604530100366104,0.008111295678035882,0.012885863897393575,0.005028512041312051,0.0031460303256478027,0.009850778171734074,0.005320581617497364,0.012466344624226171,0.01027603685395502,0.013871038467166884,0.016565080101742277,0.010750579886529376,0.013163211012112302,0.004312960420031784,0.003635086991806774,0.011000764477650526,0.0047954090134851865,0.012905869407114112,0.012066289408441436,0.0076591053968348794,0.016565080101742277,0.016565080101742277,0.016565080101742277,0.014736301690699293,0.012103685978702185,0.016565080101742277,0.014053324256561972,0.016565080101742277,0.016565080101742277,0.014389795889426503,0.017060604564031513,0.013136790759890514,0.01349590554295919,0.004203667948902967,0.002438803866562761,0.009907771963094806,0.0055524526737204625,0.013670906713744744,0.012203914974880487,0.012001626944072549,0.017060604564031513,0.009455605502898284,0.017060604564031513,0.01458941133904065,0.008886616196983745,0.017060604564031513,0.010892608530019757,0.017060604564031513,0.017060604564031513,0.017060604564031513,0.017234343189448026,0.017234343189448026,0.017234343189448026,0.014113356787704742,0.009952862515720539,0.017234343189448026,0.010765561112974945,0.017234343189448026,0.013815781275161854,0.006132479605941631,0.017234343189448026,0.007226605183865599,0.012634941979138496,0.004870492180666173,0.0029248207681830144,0.01068055206904083,0.00576617336750438,0.014026939787634123,0.01464651746431889,0.017234343189448026
00001_00000_00005.png,1,0.016628359778680782,0.01654581884672205,0.016628359778680782,0.013377261686348297,0.01018809747627693,0.016628359778680782,0.01558080819335838,0.016628359778680782,0.016628359778680782,0.015077562510334291,0.016628359778680782,0.007150069096650555,0.0095822280230783,0.005458691341710604,0.004538090294420395,0.012212274113730102,0.005573345843924514,0.011628650688455418,0.009773525369816884,0.015353798535910994,0.017056039262475235,0.011000586351680464,0.015286459385466264,0.006404684172147118,0.002724762232659111,0.011512631559967621,0.0034218936647413237,0.010038593124447263,0.0065652945567565716,0.005604966248804552,0.017056039262475235,0.017056039262475235,0.017056039262475235,0.01573029977217003,0.012065160059635099,0.017056039262475235,0.011514270125347384,0.017056039262475235,0.017056039262475235,0.015524826262703262,0.016380981777086922,0.013607778776981619,0.01365272200231466,0.005029140936391581,0.0029059823895011164,0.011017557078430586,0.005603769028064827,0.01269604031040552,0.014665863158904264,0.012386966157263696,0.016380981777086922,0.015943283129436343,0.016380981777086922,0.012320240405716894,0.008764021762090584,0.016380981777086922,0.01159503355143423,0.016380981777086922,0.016380981777086922,0.014511600615634735,0.017156408864851074,0.015608639734960527,0.017156408864851074,0.012049724295756046,0.008651144645865631,0.017156408864851074,0.014001358597347493,0.017156408864851074,0.014358959720666795,0.008354797569683445,0.017156408864851074,0.007037594824871859,0.01394167268784819,0.004846257343602849,0.0027683623421630925,0.010907129132989324,0.004267212369518751,0.01602070222043343,0.013377856631193681,0.016443570547076375
00001_00000_00007.png,1,0.01676825603439322,0.013942674048761676,0.01676825603439322,0.011918374575867197,0.010926106041384463,0.01676825603439322,0.01676825603439322,0.01676825603439322,0.01676825603439322,0.008690930493714416,0.01676825603439322,0.010285600253280978,0.014355465157362522,0.005158661990792925,0.003711451057863566,0.010932284680730809,0.005256415798620765,0.014314525025829286,0.009822516470407513,0.016183862290575286,0.017586944816316924,0.010887406170523863,0.01435984902184396,0.004605890001991006,0.0027405053249234114,0.01171483227145934,0.004600738191393553,0.011684346964194318,0.00497867135077468,0.004289443282981972,0.017586944816316924,0.017348147870111363,0.017586944816316924,0.01473810595405273,0.009700486302384105,0.017586944816316924,0.011956486546165384,0.017586944816316924,0.016114502470740255,0.017586944816316924,0.016692994546612324,0.013970547039929941,0.01632635284454509,0.007068601040737387,0.004484373534982057,0.013574399687025307,0.005939962621741787,0.011276998647715355,0.01002356871977031,0.0075025888140718006,0.016692994546612324,0.014605233665366868,0.016692994546612324,0.012391539057498385,0.010730093619207612,0.016692994546612324,0.015268905081190998,0.016692994546612324,0.016692994546612324,0.011829389439845111,0.01703674032604023,0.016280323039785962,0.01703674032604023,0.015243179997568294,0.011172801614216714,0.01703674032604023,0.011244143890598536,0.01703674032604023,0.009673429012719803,0.007959908539065785,0.01703674032604023,0.004541333482395358,0.011733150062766335,0.003981674266994366,0.0023474433741236364,0.012486496134572596,0.004371106185681249,0.016439566276541882,0.01703674032604023,0.01703674032604023
00001_00000_00009.png,1,0.020569457197235227,0.013828007291989962,0.0191123956853398,0.011537975975798398,0.012653431862826778,0.020569457197235227,0.016460050861265858,0.019242042153145292,0.01458666330175415,0.007534869655823473,0.01669858193785918,0.004622599184428262,0.0068318966102060485,0.00292560756373829,0.003001923925376409,0.009079639630121384,0.00550871379195475,0.011660684902091729,0.010963787003258067,0.020569457197235227,0.018457607380690733,0.009780493926791286,0.012016000419613418,0.004616567477654982,0.002805749604668284,0.011580860648887794,0.0027727194259967434,0.01026940874544858,0.005057808106841996,0.005597899640242908,0.018457607380690733,0.018234159576263724,0.018457607380690733,0.015986595331360327,0.008869664597914077,0.018457607380690733,0.01175893586979216,0.018457607380690733,0.018457607380690733,0.018457607380690733,0.019053709963685828,0.01163445856584951,0.01107741606723491,0.00447073821913743,0.004516408680171587,0.010425579905514288,0.004089265768386346,0.011411115736117193,0.007285343608241369,0.005901986489706775,0.019053709963685828,0.01069622495402613,0.01695929713417768,0.015037530815052606,0.011296069104336094,0.019053709963685828,0.013681392165944196,0.019053709963685828,0.019053709963685828,0.019053709963685828,0.01828971229913167,0.016725454007285024,0.01828971229913167,0.011266736453223805,0.007509430945262421,0.01828971229913167,0.010882865152630119,0.01828971229913167,0.014105495088029732,0.006487403479648209,0.01815765364281817,0.004637922276942732,0.010129904541878091,0.004343716620030163,0.002912769905169136,0.011926749757532022,0.004968089230640691,0.01689509014311382,0.01828971229913167,0.01828971229913167
00001_00000_00010.png,1,0.02157927497991362,0.016298633379101535,0.01686747925115211,0.010485732114102876,0.010992861262073472,0.02157927497991362,0.016689519043549206,0.019966231397764756,0.01330494373246388,0.007365291139989469,0.01525474713201961,0.004382090945512423,0.006583546785722712,0.0026242537163919354,0.002965215780458488,0.007544802388735938,0.004405774669408893,0.009957674945769527,0.014659990903094926,0.02157927497991362,0.018275827463166503,0.00883592815204131,0.014224100103293794,0.0038284385625573553,0.0026807475897329854,0.01178441975706119,0.004281364519348753,0.011031006884285254,0.005745092189793583,0.005484284135171181,0.018275827463166503,0.017170529992195514,0.018275827463166503,0.015261817351876697,0.010830578141675073,0.018275827463166503,0.012666477921560414,0.018275827463166503,0.018275827463166503,0.018275827463166503,0.01907503561337468,0.01063751672547233,0.01208344241775542,0.00478378665162732,0.002601541547830412,0.010621916608679057,0.004718759285890165,0.012406258684269688,0.008145895971047826,0.005145127492746352,0.01907503561337468,0.012431444826227364,0.01907503561337468,0.010121051487014863,0.009947362165652097,0.01907503561337468,0.014634348223839825,0.01907503561337468,0.01907503561337468,0.01907503561337468,0.018149424096232276,0.015616259807084826,0.018149424096232276,0.012411618218539961,0.009232942082925629,0.018149424096232276,0.012349253182456716,0.018149424096232276,0.012492690964989787,0.00500940876793557,0.018149424096232276,0.004521590674318463,0.011015588261870718,0.003950935148118912,0.0029193340806020697,0.012278844835382104,0.0043602487544302055,0.018149424096232276,0.018149424096232276,0.018149424096232276
00001_00000_00011.png,1,0.023501399061590524,0.017161638071897058,0.01658141599127023,0.0096258849628114,0.010802687117914668,0.02275173787869217,0.01251876704750099,0.02106350506527127,0.014764180416476664,0.008017218617673082,0.014052362317212734,0.00465659760659805,0.005960294726051039,0.0029667098855807707,0.002188469503045574,0.006527037452471072,0.0036207439469886746,0.010367031064625973,0.01070916979410449,0.023501399061590524,0.018682873774392737,0.010896295556488094,0.01508991636442462,0.004556554839007673,0.0023566349558631944,0.0102122586602116,0.002814501753494026,0.012613153570389106,0.006572449251272885,0.003982938325329571,0.018682873774392737,0.017183041245509446,0.018682873774392737,0.011664990741724479,0.008036802758337536,0.018682873774392737,0.01369311666348614,0.018682873774392737,0.018682873774392737,0.018682873774392737,0.018388431849685454,0.012770649218692903,0.01205364815680967,0.005174505695409288,0.0038865760500590985,0.010625712818292055,0.004802046963684672,0.010420637628197284,0.007914989934155632,0.004241968524328296,0.018388431849685454,0.012784101117706661,0.018388431849685454,0.012517110434463428,0.01188174766117573,0.018388431849685454,0.018060961061536603,0.018388431849685454,0.018388431849685454,0.018388431849685454,0.018523782902422004,0.018523782902422004,0.018523782902422004,0.013622730972984026,0.009623758849193113,0.018523782902422004,0.009375657921733628,0.018523782902422004,0.010386077300476113,0.006601223059441033,0.018523782902422004,0.004869576497224396,0.010735833798702611,0.004556532517770148,0.002247170632929408,0.011047748176810682,0.005169735040969508,0.015928993104425075,0.018523782902422004,0.018523782902422004
00001_00000_00012.png,1,0.026051185438265446,0.014734055641315098,0.016760554153401108,0.009547548685675363,0.009004327856975046,0.01906115319828954,0.0142090993905239,0.019323023190634458,0.010198462477678926,0.008469976979870281,0.013907328525721109,0.004545000865088525,0.007081119046560915,0.0024748564269635527,0.0022312126216947293,0.0066995770382310155,0.004414626152522685,0.009490864898907598,0.014173983462472107,0.026051185438265446,0.01798560963459541,0.01011172795034262,0.014963444045761273,0.003433330502072251,0.0020109736574721615,0.011348631380099216,0.004773986191370561,0.01265556287953036,0.0066400319961467365,0.004334520275807053,0.01798560963459541,0.01798560963459541,0.01798560963459541,0.013585129469653004,0.012375369772666458,0.01798560963459541,0.011581074112846965,0.01798560963459541,0.017882503300138842,0.01798560963459541,0.018093451313830083,0.012535657203173572,0.012922160941576267,0.005198848567677113,0.004486301093718931,0.012158139380539206,0.008123868919166033,0.013859033654926115,0.009761924394070486,0.0062260216368227725,0.018093451313830083,0.013166261623710221,0.018093451313830083,0.011195656306362461,0.010124236117139633,0.018093451313830083,0.012983067151407693,0.018093451313830083,0.018093451313830083,0.018093451313830083,0.018208832487210575,0.017219060117950873,0.018208832487210575,0.013290810129700582,0.010624924670675882,0.018208832487210575,0.012633104566183306,0.018208832487210575,0.009666825404444024,0.005214291026254257,0.017885098497583483,0.005823070895953626,0.012279290017928289,0.0027916598599403296,0.0018128757451457997,0.01190400590812526,0.004801633219297383,0.015380324365320448,0.018208832487210575,0.018208832487210575
00001_00000_00014.png,1,0.02433139282292489,0.015269329104043359,0.016874887929195313,0.01008567876286586,0.009257444189471224,0.02061141986979507,0.01546497247675083,0.019002603500173236,0.011606798299106932,0.005639602457862566,0.012387580529671281,0.005017779251395266,0.006660124101799553,0.004252199381514777,0.0034727262985263596,0.007045487817955132,0.004787018031450275,0.01001677605403113,0.012577922122266345,0.02433139282292489,0.01766287913404553,0.010854437630265121,0.013477343673531712,0.0055432929469256655,0.00426668940341923,0.012303439614446132,0.003910943427842245,0.012290561537008957,0.005866441743724175,0.004171034663901509,0.01766287913404553,0.014990798798242036,0.01766287913404553,0.01464300430790751,0.011842139786790341,0.01766287913404553,0.013566853587470035,0.01766287913404553,0.01766287913404553,0.01766287913404553,0.017003969101083014,0.013636965199784452,0.01452499176356031,0.0060628912839926444,0.005678993010253675,0.012527589167132008,0.007174991488150257,0.0135364982804115,0.010739631947437522,0.006633061887654398,0.017003969101083014,0.012822704267712332,0.017003969101083014,0.010997946958532108,0.011286383644620692,0.017003969101083014,0.014545065664215961,0.017003969101083014,0.017003969101083014,0.017003969101083014,0.017959527938616708,0.015448357625643883,0.017959527938616708,0.013582208912981383,0.009960360933423578,0.017959527938616708,0.01194747561303555,0.017959527938616708,0.012249296725815137,0.006428725127075127,0.017959527938616708,0.005955804997339429,0.011560812989563173,0.004676650934228984,0.0024915295153810964,0.01063629595750684,0.005403698830680784,0.015588201742268033,0.01705764330879939,0.017959527938616708
00001_00000_00015.png,1,0.0232359272950877,0.019328340506222074,0.018477665427094055,0.010503256710371807,0.01106773770114694,0.019128616266084714,0.012513373407318115,0.01788889515311231,0.013203281720341799,0.008680245531974076,0.014899320426908681,0.004084619991591162,0.006841301949455317,0.0029674768435883326,0.0020465313561601026,0.006061673511443238,0.00290904453443168,0.008476921795650677,0.012956992290519677,0.0232359272950877,0.017431341760894378,0.010383014131672079,0.013748216842014306,0.00369716162982041,0.002533537750434052,0.01179102393884118,0.005465560022742616,0.012950647229912514,0.006462640973099605,0.0059778269328123875,0.017431341760894378,0.017280879482918732,0.017431341760894378,0.013943199912348006,0.013158527680205746,0.017431341760894378,0.013381120309303572,0.017431341760894378,0.017431341760894378,0.017431341760894378,0.017960579075918314,0.012189467631770241,0.012535688513275868,0.005174228926331378,0.00500070948521444,0.011527782696141192,0.004879922065237343,0.01123786288227083,0.010715545668874844,0.0066893551314400656,0.017960579075918314,0.01176987246189943,0.017960579075918314,0.012281610701821863,0.01081921614089416,0.017960579075918314,0.015448722550011574,0.017960579075918314,0.017960579075918314,0.017960579075918314,0.01748480808254435,0.017343434223580142,0.01748480808254435,0.013183620449368284,0.009132565650585017,0.01748480808254435,0.013142647120521751,0.01748480808254435,0.01400975467562477,0.008315285132539789,0.01748480808254435,0.004739080342097859,0.010312716668363496,0.004025988527692499,0.0033994562861924533,0.011824940723525497,0.0052554633476999315,0.016039820099042066,0.017072440995312427,0.01748480808254435
00001_00000_00016.png,1,0.01906194231499882,0.014944934485316485,0.01633934201644174,0.010266099227646649,0.010507358330390437,0.01906194231499882,0.018220490531298428,0.01906194231499882,0.01683983233374566,0.009626999149784902,0.013317468462504882,0.004013317258461259,0.005996573350869432,0.004056100216802603,0.002440825543044831,0.007240357661471324,0.005064581799126304,0.011351280359989193,0.014720223369511494,0.01906194231499882,0.016532409841220733,0.010662993356283748,0.015206095464456032,0.00444842658024078,0.0038788299275832323,0.012194958315938292,0.005421418100325483,0.012710982941782413,0.00838970475447235,0.00790845941971592,0.016532409841220733,0.01564579164093135,0.016532409841220733,0.014163940356983998,0.011606722632048618,0.016532409841220733,0.014053559922148108,0.016532409841220733,0.016532409841220733,0.016532409841220733,0.0161792537590703,0.012021859805339971,0.015648663884532548,0.006601675363473654,0.004738243616969642,0.010647389059177849,0.00642934779871038,0.012359968948020371,0.012955668509342466,0.009358661483207105,0.0161792537590703,0.013007227379707439,0.0161792537590703,0.014537823735897416,0.010071105412724386,0.0161792537590703,0.014510400089425743,0.0161792537590703,0.0161792537590703,0.0161792537590703,0.016415498982409748,0.016415498982409748,0.016415498982409748,0.013908727149582379,0.010579401850943377,0.016415498982409748,0.011861797860085817,0.016415498982409748,0.01438131359775726,0.005533550375842782,0.016415498982409748,0.00993161494911138,0.01342116443424017,0.005428519655866076,0.002241572685098777,0.011355940906013173,0.0054408171974841294,0.015236470420819458,0.016415498982409748,0.016415498982409748
