2 clusters,,,,,,,,,,,,,,,,,,,
% of total shape images in cluster,,,,,,,,,,,,,,,,,,,
shape/cluster,cluster 0,cluster 1,,,,,,,,,,,,,,,,,
circle,0.210524227,0.789475773,,,,,,,,,,,,,,,,,
triangle,0.20367893,0.79632107,,,,,,,,,,,,,,,,,
diamond,0.183333333,0.816666667,,,,,,,,,,,,,,,,,
inverted_triangle,0.223148148,0.776851852,,,,,,,,,,,,,,,,,
octagon,0.012820513,0.987179487,,,,,,,,,,,,,,,,,
,,,,,,,,,,,,,,,,,,,
% of cluster made up of shape,,,,,,,,,,,,,,,,,,,
cluster/shape,circle,triangle,diamond,inverted_triangle,octagon,,,,,,,,,,,,,,
cluster 0,0.662379823,0.228118367,0.04807092,0.060182295,0.001248595,,,,,,,,,,,,,,
cluster 1,0.637628205,0.228942308,0.054967949,0.053782051,0.024679487,,,,,,,,,,,,,,
,,,,,,,,,,,,,,,,,,,
,,,,,,,,,,,,,,,,,,,
3 clusters,,,,,,,,,,,,,,,,,,,
% of total shape images in cluster,,,,,,,,,,,,,,,,,,,
shape/cluster,cluster 0,cluster 1,cluster 2,,,,,,,,,,,,,,,,
circle,0.006508195,0.795904599,0.197587206,,,,,,,,,,,,,,,,
triangle,0.903344482,0.005462653,0.091192865,,,,,,,,,,,,,,,,
diamond,0.005238095,0.830952381,0.163809524,,,,,,,,,,,,,,,,
inverted_triangle,0.00462963,0.780555556,0.214814815,,,,,,,,,,,,,,,,
octagon,0.002564103,0.985897436,0.011538462,,,,,,,,,,,,,,,,
,,,,,,,,,,,,,,,,,,,
% of cluster made up of shape,,,,,,,,,,,,,,,,,,,
cluster/shape,circle,triangle,diamond,inverted_triangle,octagon,,,,,,,,,,,,,,
cluster 0,0.019782871,0.977442702,0.0013269,0.001206273,0.000241255,,,,,,,,,,,,,,
cluster 1,0.825180004,0.002016046,0.071795927,0.069368443,0.03163958,,,,,,,,,,,,,,
cluster 2,0.752797097,0.123677049,0.052010886,0.070154218,0.00136075,,,,,,,,,,,,,,
,,,,,,,,,,,,,,,,,,,
,,,,,,,,,,,,,,,,,,,
4 clusters,,,,,,,,,,,,,,,,,,,
% of total shape images in cluster,,,,,,,,,,,,,,,,,,,
shape/cluster,cluster 0,cluster 1,cluster 2,cluster 3,,,,,,,,,,,,,,,
circle,0.001587365,0.22762808,0.595023612,0.175760943,,,,,,,,,,,,,,,
triangle,0.861984392,0.04960981,0.000111483,0.088294314,,,,,,,,,,,,,,,
diamond,0.000952381,0.316190476,0.542857143,0.14,,,,,,,,,,,,,,,
inverted_triangle,0,0.9,0,0.1,,,,,,,,,,,,,,,
octagon,0.001282051,0.251282051,0.738461538,0.008974359,,,,,,,,,,,,,,,
,,,,,,,,,,,,,,,,,,,
% of cluster made up of shape,,,,,,,,,,,,,,,,,,,
cluster/shape,circle,triangle,diamond,inverted_triangle,octagon,,,,,,,,,,,,,,
cluster 0,0.005144695,0.994469453,0.000257235,0,0.000128617,,,,,,,,,,,,,,
cluster 1,0.638397329,0.049526989,0.073900946,0.216360601,0.021814135,,,,,,,,,,,,,,
cluster 2,0.897253306,5.98E-05,0.068218539,0,0.034468314,,,,,,,,,,,,,,
cluster 3,0.771871732,0.138027187,0.051237365,0.037643778,0.001219937,,,,,,,,,,,,,,
,,,,,,,,,,,,,,,,,,,
,,,,,,,,,,,,,,,,,,,
5 clusters,,,,,,,,,,,,,,,,,,,
% of total shape images in cluster,,,,,,,,,,,,,,,,,,,
shape/cluster,cluster 0,cluster 1,cluster 2,cluster 3,cluster 4,,,,,,,,,,,,,,
circle,0.002539783,0.645144649,0.086273265,0.005992301,0.260050002,,,,,,,,,,,,,,
triangle,0.001003344,0.00122631,0.07580825,0.896432553,0.025529543,,,,,,,,,,,,,,
diamond,0.007142857,0.717619048,0.066190476,0.006666667,0.202380952,,,,,,,,,,,,,,
inverted_triangle,0.903240741,0.003240741,0.075462963,0.000925926,0.01712963,,,,,,,,,,,,,,
octagon,0.001282051,0.966666667,0,0.003846154,0.028205128,,,,,,,,,,,,,,
,,,,,,,,,,,,,,,,,,,
% of cluster made up of shape,,,,,,,,,,,,,,,,,,,
cluster/shape,circle,triangle,diamond,inverted_triangle,octagon,,,,,,,,,,,,,,
cluster 0,0.031372549,0.004411765,0.007352941,0.956372549,0.000490196,,,,,,,,,,,,,,
cluster 1,0.877050065,0.00059344,0.081301252,0.000377644,0.0406776,,,,,,,,,,,,,,
cluster 2,0.688846641,0.215462611,0.044043093,0.051647655,0,,,,,,,,,,,,,,
cluster 3,0.018389965,0.979296066,0.00170503,0.000243576,0.000365364,,,,,,,,,,,,,,
cluster 4,0.901871731,0.031516653,0.058491605,0.00509221,0.003027801,,,,,,,,,,,,,,
,,,,,,,,,,,,,,,,,,,
,,,,,,,,,,,,,,,,,,,
6 clusters,,,,,,,,,,,,,,,,,,,
% of total shape images in cluster,,,,,,,,,,,,,,,,,,,
shape/cluster,cluster 0,cluster 1,cluster 2,cluster 3,cluster 4,cluster 5,,,,,,,,,,,,,
circle,0.22742966,0.404182706,0.075955395,0.291360768,3.97E-05,0.001031787,,,,,,,,,,,,,
triangle,0.023188406,0,0.071906355,0.042920847,0.000891862,0.861092531,,,,,,,,,,,,,
diamond,0.17047619,0.324761905,0.06047619,0.442380952,0.001904762,0,,,,,,,,,,,,,
inverted_triangle,0.018981481,0,0.068981481,0.080092593,0.831944444,0,,,,,,,,,,,,,
octagon,0.020512821,0.374358974,0,0.605128205,0,0,,,,,,,,,,,,,
,,,,,,,,,,,,,,,,,,,
% of cluster made up of shape,,,,,,,,,,,,,,,,,,,
cluster/shape,circle,triangle,diamond,inverted_triangle,octagon,,,,,,,,,,,,,,
cluster 0,0.901951527,0.032735285,0.056342461,0.006452628,0.002518099,,,,,,,,,,,,,,
cluster 1,0.912716193,0,0.061116588,0,0.026167219,,,,,,,,,,,,,,
cluster 2,0.675132275,0.227513228,0.044797178,0.052557319,0,,,,,,,,,,,,,,
cluster 3,0.789377486,0.041393399,0.099881733,0.018600151,0.050747231,,,,,,,,,,,,,,
cluster 4,0.000552486,0.00441989,0.002209945,0.99281768,0,,,,,,,,,,,,,,
cluster 5,0.003354839,0.996645161,0,0,0,,,,,,,,,,,,,,
,,,,,,,,,,,,,,,,,,,
,,,,,,,,,,,,,,,,,,,
7 clusters,,,,,,,,,,,,,,,,,,,
% of total shape images in cluster,,,,,,,,,,,,,,,,,,,
shape/cluster,cluster 0,cluster 1,cluster 2,cluster 3,cluster 4,cluster 5,cluster 6,,,,,,,,,,,,
circle,0.227667765,3.97E-05,0.388824953,0.075122029,0.000158736,0.305964522,0.00222231,,,,,,,,,,,,
triangle,0.016276477,0.000891862,0,0.050278707,0.30613155,0.015719064,0.610702341,,,,,,,,,,,,
diamond,0.171428571,0.002380952,0.313333333,0.059047619,0,0.452857143,0.000952381,,,,,,,,,,,,
inverted_triangle,0.018518519,0.837962963,0,0.070833333,0,0.072222222,0.000462963,,,,,,,,,,,,
octagon,0.020512821,0,0.356410256,0,0,0.623076923,0,,,,,,,,,,,,
,,,,,,,,,,,,,,,,,,,
% of cluster made up of shape,,,,,,,,,,,,,,,,,,,
cluster/shape,circle,triangle,diamond,inverted_triangle,octagon,,,,,,,,,,,,,,
cluster 0,0.910779489,0.023178282,0.057151929,0.006350214,0.002540086,,,,,,,,,,,,,,
cluster 1,0.000548246,0.004385965,0.002741228,0.992324561,0,,,,,,,,,,,,,,
cluster 2,0.912800447,0,0.06130054,0,0.025899012,,,,,,,,,,,,,,
cluster 3,0.722243419,0.172071728,0.047310187,0.058374666,0,,,,,,,,,,,,,,
cluster 4,0.001454545,0.998545455,0,0,0,,,,,,,,,,,,,,
cluster 5,0.81639136,0.014930114,0.100698856,0.016518424,0.051461245,,,,,,,,,,,,,,
cluster 6,0.01011378,0.98934441,0.000361206,0.000180603,0,,,,,,,,,,,,,,
,,,,,,,,,,,,,,,,,,,
,,,,,,,,,,,,,,,,,,,
8 clusters,,,,,,,,,,,,,,,,,,,
% of total shape images in cluster,,,,,,,,,,,,,,,,,,,
shape/cluster,cluster 0,cluster 1,cluster 2,cluster 3,cluster 4,cluster 5,cluster 6,cluster 7,,,,,,,,,,,
circle,0.191237748,0.333703718,0.260288107,0.04861304,0.001587365,0.164371602,0.000119052,7.94E-05,,,,,,,,,,,
triangle,0.004347826,0,0.017725753,0.044370123,0.607692308,0.021516165,0.303455964,0.000891862,,,,,,,,,,,
diamond,0.088571429,0.287619048,0.424761905,0.029047619,0,0.167619048,0.00047619,0.001904762,,,,,,,,,,,
inverted_triangle,0.001388889,0,0.081944444,0.051388889,0,0.041666667,0,0.823611111,,,,,,,,,,,
octagon,0.028205128,0.423076923,0.533333333,0,0,0.015384615,0,0,,,,,,,,,,,
,,,,,,,,,,,,,,,,,,,
% of cluster made up of shape,,,,,,,,,,,,,,,,,,,
cluster/shape,circle,triangle,diamond,inverted_triangle,octagon,,,,,,,,,,,,,,
cluster 0,0.950680608,0.007693825,0.036693628,0.000591833,0.004340107,,,,,,,,,,,,,,
cluster 1,0.90003211,0,0.06464733,0,0.035320561,,,,,,,,,,,,,,
cluster 2,0.799585517,0.019383153,0.108740705,0.021577472,0.050713154,,,,,,,,,,,,,,
cluster 3,0.682451253,0.221727019,0.033983287,0.06183844,0,,,,,,,,,,,,,,
cluster 4,0.007284648,0.992715352,0,0,0,,,,,,,,,,,,,,
cluster 5,0.864898726,0.040300689,0.073501775,0.018793067,0.002505742,,,,,,,,,,,,,,
cluster 6,0.001100514,0.998532649,0.000366838,0,0,,,,,,,,,,,,,,
cluster 7,0.001115449,0.004461796,0.002230898,0.992191857,0,,,,,,,,,,,,,,
,,,,,,,,,,,,,,,,,,,
,,,,,,,,,,,,,,,,,,,
9 clusters,,,,,,,,,,,,,,,,,,,
% of total shape images in cluster,,,,,,,,,,,,,,,,,,,
shape/cluster,cluster 0,cluster 1,cluster 2,cluster 3,cluster 4,cluster 5,cluster 6,cluster 7,cluster 8,,,,,,,,,,
circle,0.141672289,0.001904837,0.096710187,7.94E-05,0.166871701,0.247390769,3.97E-05,0.321441327,0.023889837,,,,,,,,,,
triangle,0.004236343,0.607023411,0.020178372,0.302341137,0.015830546,0.013266444,0.000891862,0,0.036231884,,,,,,,,,,
diamond,0.071428571,0.00047619,0.073333333,0,0.161904762,0.405714286,0.001904762,0.268095238,0.017142857,,,,,,,,,,
inverted_triangle,0.000925926,0.000462963,0.050925926,0,0.015740741,0.076851852,0.825925926,0,0.029166667,,,,,,,,,,
octagon,0.030769231,0,0.003846154,0,0.017948718,0.616666667,0,0.330769231,0,,,,,,,,,,
,,,,,,,,,,,,,,,,,,,
% of cluster made up of shape,,,,,,,,,,,,,,,,,,,
cluster/shape,circle,triangle,diamond,inverted_triangle,octagon,,,,,,,,,,,,,,
cluster 0,0.943446089,0.010042283,0.039640592,0.000528541,0.006342495,,,,,,,,,,,,,,
cluster 1,0.008735214,0.990900819,0.000181984,0.000181984,0,,,,,,,,,,,,,,
cluster 2,0.844714038,0.062738302,0.053379549,0.03812825,0.001039861,,,,,,,,,,,,,,
cluster 3,0.00073692,0.99926308,0,0,0,,,,,,,,,,,,,,
cluster 4,0.888067582,0.02998944,0.071805702,0.00718057,0.002956705,,,,,,,,,,,,,,
cluster 5,0.79393785,0.015155374,0.108507387,0.021141111,0.061258278,,,,,,,,,,,,,,
cluster 6,0.000556483,0.004451864,0.002225932,0.992765721,0,,,,,,,,,,,,,,
cluster 7,0.907969959,0,0.063109517,0,0.028920525,,,,,,,,,,,,,,
cluster 8,0.586744639,0.316764133,0.035087719,0.061403509,0,,,,,,,,,,,,,,
,,,,,,,,,,,,,,,,,,,
,,,,,,,,,,,,,,,,,,,
10 clusters,,,,,,,,,,,,,,,,,,,
% of total shape images in cluster,,,,,,,,,,,,,,,,,,,
shape/cluster,cluster 0,cluster 1,cluster 2,cluster 3,cluster 4,cluster 5,cluster 6,cluster 7,cluster 8,cluster 9,,,,,,,,,
circle,0.006111354,0.000198421,0.304575578,7.94E-05,0.000277789,0.024008889,0.261399262,0.1693718,0.136513354,0.097464185,,,,,,,,,
triangle,0.399219621,0.255964326,0,0.000557414,0.281493868,0.034559643,0.000445931,0.008026756,0.002118172,0.01761427,,,,,,,,,
diamond,0.003809524,0,0.238571429,0.002380952,0,0.017142857,0.42952381,0.167142857,0.069047619,0.072380952,,,,,,,,,
inverted_triangle,0.006944444,0,0,0.833796296,0,0.029166667,0.0625,0.015740741,0.000925926,0.050925926,,,,,,,,,
octagon,0.001282051,0,0.265384615,0,0,0,0.679487179,0.020512821,0.029487179,0.003846154,,,,,,,,,
,,,,,,,,,,,,,,,,,,,
% of cluster made up of shape,,,,,,,,,,,,,,,,,,,
cluster/shape,circle,triangle,diamond,inverted_triangle,octagon,,,,,,,,,,,,,,
cluster 0,0.040968343,0.952646981,0.002128226,0.003990423,0.000266028,,,,,,,,,,,,,,
cluster 1,0.002172968,0.997827032,0,0,0,,,,,,,,,,,,,,
cluster 2,0.915543362,0,0.059763808,0,0.024692831,,,,,,,,,,,,,,
cluster 3,0.001103144,0.00275786,0.00275786,0.993381136,0,,,,,,,,,,,,,,
cluster 4,0.002764613,0.997235387,0,0,0,,,,,,,,,,,,,,
cluster 5,0.596646943,0.305719921,0.035502959,0.062130178,0,,,,,,,,,,,,,,
cluster 6,0.807428291,0.000490316,0.110566315,0.016548174,0.064966904,,,,,,,,,,,,,,
cluster 7,0.900232019,0.015186669,0.074035014,0.007171483,0.003374815,,,,,,,,,,,,,,
cluster 8,0.947919537,0.005235602,0.039955911,0.000551116,0.006337834,,,,,,,,,,,,,,
cluster 9,0.853073984,0.054880167,0.05279611,0.038207711,0.001042028,,,,,,,,,,,,,,
,,,,,,,,,,,,,,,,,,,
,,,,,,,,,,,,,,,,,,,
11 clusters,,,,,,,,,,,,,,,,,,,
% of total shape images in cluster,,,,,,,,,,,,,,,,,,,
shape/cluster,cluster 0,cluster 1,cluster 2,cluster 3,cluster 4,cluster 5,cluster 6,cluster 7,cluster 8,cluster 9,cluster 10,,,,,,,,
circle,0.005317671,0.120639708,0.096154609,0.198063415,0.112821937,0.000158736,0.023810469,0.283185841,0.159649192,3.97E-05,0.000158736,,,,,,,,
triangle,0.405462653,0.000111483,0.017168339,0.002341137,0.002341137,0.256633222,0.034448161,0,0.008918618,0.000557414,0.272017837,,,,,,,,
diamond,0.002380952,0.234285714,0.073333333,0.304761905,0.036190476,0,0.017142857,0.177142857,0.152380952,0.002380952,0,,,,,,,,
inverted_triangle,0.00462963,0.006018519,0.050925926,0.066666667,0.000462963,0,0.029166667,0,0.015277778,0.826851852,0,,,,,,,,
octagon,0.001282051,0.426923077,0.003846154,0.430769231,0.011538462,0,0,0.105128205,0.020512821,0,0,,,,,,,,
,,,,,,,,,,,,,,,,,,,
% of cluster made up of shape,,,,,,,,,,,,,,,,,,,
cluster/shape,circle,triangle,diamond,inverted_triangle,octagon,,,,,,,,,,,,,,
cluster 0,0.035384209,0.960390811,0.001320306,0.002640613,0.000264061,,,,,,,,,,,,,,
cluster 1,0.783707141,0.000257798,0.126836814,0.003351379,0.085846868,,,,,,,,,,,,,,
cluster 2,0.851969058,0.054149086,0.054149086,0.038677918,0.001054852,,,,,,,,,,,,,,
cluster 3,0.813926941,0.003424658,0.104370515,0.023483366,0.054794521,,,,,,,,,,,,,,
cluster 4,0.963728814,0.007118644,0.025762712,0.000338983,0.003050847,,,,,,,,,,,,,,
cluster 5,0.001734605,0.998265395,0,0,0,,,,,,,,,,,,,,
cluster 6,0.595238095,0.306547619,0.035714286,0.0625,0,,,,,,,,,,,,,,
cluster 7,0.940184453,0,0.049011858,0,0.010803689,,,,,,,,,,,,,,
cluster 8,0.899597496,0.017889088,0.071556351,0.007379249,0.003577818,,,,,,,,,,,,,,
cluster 9,0.000556483,0.002782415,0.002782415,0.993878687,0,,,,,,,,,,,,,,
cluster 10,0.001636661,0.998363339,0,0,0,,,,,,,,,,,,,,
,,,,,,,,,,,,,,,,,,,
,,,,,,,,,,,,,,,,,,,
12 clusters,,,,,,,,,,,,,,,,,,,
% of total shape images in cluster,,,,,,,,,,,,,,,,,,,
shape/cluster,cluster 0,cluster 1,cluster 2,cluster 3,cluster 4,cluster 5,cluster 6,cluster 7,cluster 8,cluster 9,cluster 10,cluster 11,,,,,,,
circle,0.128338426,0.022024684,0.253819596,0.111393309,0.000119052,0.110123418,0.086312949,0.19088059,0.09210683,7.94E-05,3.97E-05,0.004762094,,,,,,,
triangle,0.017725753,0.034448161,0,0,0.269119287,0.000222965,0.014158305,0.002675585,0.002898551,0.256410256,0.000445931,0.401895206,,,,,,,
diamond,0.058571429,0.013809524,0.086190476,0.267142857,0,0.20047619,0.067619048,0.281428571,0.02047619,0,0.001904762,0.002380952,,,,,,,
inverted_triangle,0.024074074,0.026388889,0,0,0,0.006481481,0.051851852,0.071759259,0,0,0.816203704,0.003240741,,,,,,,
octagon,0.019230769,0,0.182051282,0.005128205,0,0.379487179,0.001282051,0.401282051,0.01025641,0,0,0.001282051,,,,,,,
,,,,,,,,,,,,,,,,,,,
% of cluster made up of shape,,,,,,,,,,,,,,,,,,,
cluster/shape,circle,triangle,diamond,inverted_triangle,octagon,,,,,,,,,,,,,,
cluster 0,0.90259559,0.044376221,0.034328775,0.014512978,0.004186436,,,,,,,,,,,,,,
cluster 1,0.584210526,0.325263158,0.030526316,0.06,0,,,,,,,,,,,,,,
cluster 2,0.95192737,0,0.026938533,0,0.021134097,,,,,,,,,,,,,,
cluster 3,0.832443654,0,0.166370107,0,0.00118624,,,,,,,,,,,,,,
cluster 4,0.001241208,0.998758792,0,0,0,,,,,,,,,,,,,,
cluster 5,0.791049031,0.000570125,0.120011403,0.003990878,0.084378563,,,,,,,,,,,,,,
cluster 6,0.850606179,0.049667579,0.055533829,0.04380133,0.000391083,,,,,,,,,,,,,,
cluster 7,0.816222637,0.004072629,0.100288478,0.026302393,0.053113864,,,,,,,,,,,,,,
cluster 8,0.967889908,0.010842369,0.01793161,0,0.003336113,,,,,,,,,,,,,,
cluster 9,0.00086881,0.99913119,0,0,0,,,,,,,,,,,,,,
cluster 10,0.000564334,0.002257336,0.002257336,0.994920993,0,,,,,,,,,,,,,,
cluster 11,0.032102729,0.964419476,0.001337614,0.001872659,0.000267523,,,,,,,,,,,,,,
,,,,,,,,,,,,,,,,,,,
,,,,,,,,,,,,,,,,,,,
13 clusters,,,,,,,,,,,,,,,,,,,
% of total shape images in cluster,,,,,,,,,,,,,,,,,,,
shape/cluster,cluster 0,cluster 1,cluster 2,cluster 3,cluster 4,cluster 5,cluster 6,cluster 7,cluster 8,cluster 9,cluster 10,cluster 11,cluster 12,,,,,,
circle,0.112623517,0.190364697,0.000198421,0.087106631,0.092424303,0.254811699,0.125124013,3.97E-05,3.97E-05,0.020278582,0.004762094,0.001904837,0.110321838,,,,,,
triangle,0,0.002564103,0.248494983,0.005462653,0.002898551,0,0.023745819,0.254738016,0.000445931,0.008026756,0.388294314,0.065217391,0.000111483,,,,,,
diamond,0.262857143,0.282857143,0,0.065714286,0.02047619,0.089047619,0.058095238,0,0.001904762,0.015238095,0.002380952,0,0.201428571,,,,,,
inverted_triangle,0,0.070833333,0,0.047685185,0,0,0.024537037,0,0.816203704,0.029166667,0.00462963,0.000925926,0.006018519,,,,,,
octagon,0.006410256,0.4,0,0.001282051,0.01025641,0.183333333,0.017948718,0,0,0,0.001282051,0,0.379487179,,,,,,
,,,,,,,,,,,,,,,,,,,
% of cluster made up of shape,,,,,,,,,,,,,,,,,,,
cluster/shape,circle,triangle,diamond,inverted_triangle,octagon,,,,,,,,,,,,,,
cluster 0,0.835935199,0,0.162592047,0,0.001472754,,,,,,,,,,,,,,
cluster 1,0.815955094,0.00391223,0.101037591,0.026024834,0.05307025,,,,,,,,,,,,,,
cluster 2,0.002238138,0.997761862,0,0,0,,,,,,,,,,,,,,
cluster 3,0.882944489,0.019710378,0.055510861,0.041432019,0.000402253,,,,,,,,,,,,,,
cluster 4,0.967996675,0.010806318,0.017871987,0,0.003325021,,,,,,,,,,,,,,
cluster 5,0.951118353,0,0.0276996,0,0.021182047,,,,,,,,,,,,,,
cluster 6,0.886919831,0.059915612,0.034317862,0.014908579,0.003938115,,,,,,,,,,,,,,
cluster 7,0.000437445,0.999562555,0,0,0,,,,,,,,,,,,,,
cluster 8,0.000564334,0.002257336,0.002257336,0.994920993,0,,,,,,,,,,,,,,
cluster 9,0.753687316,0.10619469,0.04719764,0.092920354,0,,,,,,,,,,,,,,
cluster 10,0.033158331,0.962420558,0.001381597,0.002763194,0.000276319,,,,,,,,,,,,,,
cluster 11,0.075590551,0.921259843,0,0.003149606,0,,,,,,,,,,,,,,
cluster 12,0.791346428,0.000284657,0.120409906,0.003700541,0.084258469,,,,,,,,,,,,,,
,,,,,,,,,,,,,,,,,,,
,,,,,,,,,,,,,,,,,,,
14 clusters,,,,,,,,,,,,,,,,,,,
% of total shape images in cluster,,,,,,,,,,,,,,,,,,,
shape/cluster,cluster 0,cluster 1,cluster 2,cluster 3,cluster 4,cluster 5,cluster 6,cluster 7,cluster 8,cluster 9,cluster 10,cluster 11,cluster 12,cluster 13,,,,,
circle,0.00404778,0.001666733,0.242628676,0.079646018,7.94E-05,0.017024485,0.179570618,0.119052343,0.095559348,0.063970792,0.089130521,0.107385214,3.97E-05,0.000198421,,,,,
triangle,0.381716834,0.064659978,0,0.034894091,0.254738016,0.008249721,0.00245262,0,0.002898551,0.005128205,0.001895206,0.000111483,0.000445931,0.242809365,,,,,
diamond,0.002380952,0,0.09,0.052857143,0,0.011904762,0.27952381,0.237619048,0.026666667,0.052857143,0.045238095,0.199047619,0.001904762,0,,,,,
inverted_triangle,0.003703704,0.000925926,0,0.032407407,0,0.021296296,0.070833333,0,0.001388889,0.056944444,0.000462963,0.006018519,0.806018519,0,,,,,
octagon,0.001282051,0,0.153846154,0.016666667,0,0,0.414102564,0.011538462,0.017948718,0.001282051,0.001282051,0.382051282,0,0,,,,,
,,,,,,,,,,,,,,,,,,,
% of cluster made up of shape,,,,,,,,,,,,,,,,,,,
cluster/shape,circle,triangle,diamond,inverted_triangle,octagon,,,,,,,,,,,,,,
cluster 0,0.028813559,0.967231638,0.001412429,0.002259887,0.000282486,,,,,,,,,,,,,,
cluster 1,0.067307692,0.929487179,0,0.003205128,0,,,,,,,,,,,,,,
cluster 2,0.951891639,0,0.029425502,0,0.018682858,,,,,,,,,,,,,,
cluster 3,0.798329356,0.124502784,0.044152745,0.027844073,0.005171042,,,,,,,,,,,,,,
cluster 4,0.000874508,0.999125492,0,0,0,,,,,,,,,,,,,,
cluster 5,0.74738676,0.128919861,0.043554007,0.080139373,0,,,,,,,,,,,,,,
cluster 6,0.806595365,0.003921569,0.104634581,0.027272727,0.057575758,,,,,,,,,,,,,,
cluster 7,0.855188141,0,0.142246294,0,0.002565564,,,,,,,,,,,,,,
cluster 8,0.96051057,0.010370961,0.022337455,0.001196649,0.005584364,,,,,,,,,,,,,,
cluster 9,0.851558373,0.024300053,0.058637084,0.064976228,0.000528262,,,,,,,,,,,,,,
cluster 10,0.951694915,0.00720339,0.040254237,0.000423729,0.000423729,,,,,,,,,,,,,,
cluster 11,0.787543655,0.000291036,0.121653085,0.003783469,0.086728754,,,,,,,,,,,,,,
cluster 12,0.000571429,0.002285714,0.002285714,0.994857143,0,,,,,,,,,,,,,,
cluster 13,0.002290426,0.997709574,0,0,0,,,,,,,,,,,,,,
,,,,,,,,,,,,,,,,,,,
,,,,,,,,,,,,,,,,,,,
15 clusters,,,,,,,,,,,,,,,,,,,
% of total shape images in cluster,,,,,,,,,,,,,,,,,,,
shape/cluster,cluster 0,cluster 1,cluster 2,cluster 3,cluster 4,cluster 5,cluster 6,cluster 7,cluster 8,cluster 9,cluster 10,cluster 11,cluster 12,cluster 13,cluster 14,,,,
circle,0.069883726,0.01813564,0.166316124,0.071828247,0.088455891,0,0.185880392,0.086392317,0.001984206,0.138854716,3.97E-05,0,7.94E-05,0.110282154,0.061867534,,,,
triangle,0.000445931,0.029654404,0,0.031995541,0.002898551,0,0,0.001337793,0.403232999,0.000111483,0.247380156,0.000445931,0.257748049,0.008807135,0.015942029,,,,
diamond,0.146190476,0.010952381,0.037142857,0.042857143,0.022380952,0.308095238,0.125714286,0.007142857,0.000952381,0.025714286,0,0.00047619,0,0.221904762,0.05047619,,,,
inverted_triangle,0.00787037,0.018981481,0,0.033333333,0.000462963,0,0,0.000462963,0.000462963,0,0,0.7625,0,0.118055556,0.05787037,,,,
octagon,0.103846154,0,0.026923077,0.016666667,0.015384615,0,0.655128205,0,0,0.017948718,0,0,0,0.162820513,0.001282051,,,,
,,,,,,,,,,,,,,,,,,,
% of cluster made up of shape,,,,,,,,,,,,,,,,,,,
cluster/shape,circle,triangle,diamond,inverted_triangle,octagon,,,,,,,,,,,,,,
cluster 0,0.811520737,0.001843318,0.141474654,0.007834101,0.037327189,,,,,,,,,,,,,,
cluster 1,0.58068615,0.337992376,0.029224905,0.052096569,0,,,,,,,,,,,,,,
cluster 2,0.976923077,0,0.018181818,0,0.004895105,,,,,,,,,,,,,,
cluster 3,0.79665493,0.126320423,0.039612676,0.031690141,0.005721831,,,,,,,,,,,,,,
cluster 4,0.962850972,0.011231102,0.020302376,0.000431965,0.005183585,,,,,,,,,,,,,,
cluster 5,0,0,1,0,0,,,,,,,,,,,,,,
cluster 6,0.858032607,0,0.048360506,0,0.093606888,,,,,,,,,,,,,,
cluster 7,0.987301587,0.005442177,0.006802721,0.000453515,0,,,,,,,,,,,,,,
cluster 8,0.013623978,0.985558583,0.000544959,0.00027248,0,,,,,,,,,,,,,,
cluster 9,0.980661435,0.000280269,0.015134529,0,0.003923767,,,,,,,,,,,,,,
cluster 10,0.00045045,0.99954955,0,0,0,,,,,,,,,,,,,,
cluster 11,0,0.002421308,0.000605327,0.996973366,0,,,,,,,,,,,,,,
cluster 12,0.000864304,0.999135696,0,0,0,,,,,,,,,,,,,,
cluster 13,0.749865084,0.021316784,0.12574204,0.068807339,0.034268753,,,,,,,,,,,,,,
cluster 14,0.806101344,0.073940021,0.054808687,0.064632885,0.000517063,,,,,,,,,,,,,,
,,,,,,,,,,,,,,,,,,,
,,,,,,,,,,,,,,,,,,,
16 clusters,,,,,,,,,,,,,,,,,,,
% of total shape images in cluster,,,,,,,,,,,,,,,,,,,
shape/cluster,cluster 0,cluster 1,cluster 2,cluster 3,cluster 4,cluster 5,cluster 6,cluster 7,cluster 8,cluster 9,cluster 10,cluster 11,cluster 12,cluster 13,cluster 14,cluster 15,,,
circle,0.07079646,0.016746696,0.164768443,0.085757371,0.000119052,0.071748879,0.063097742,0.191237748,0.090797254,7.94E-05,0,0.118099925,0.122703282,0.001666733,0.002341363,3.97E-05,,,
triangle,0.036789298,0.008026756,0,0.001560758,0.237346711,0.000111483,0.004347826,0,0.002787068,0.253177258,0,0.006354515,0.000111483,0.063322185,0.385507246,0.000557414,,,
diamond,0.048571429,0.011428571,0.071904762,0.050952381,0,0.173333333,0.052380952,0.122380952,0.025714286,0,0,0.233809524,0.206666667,0,0.000952381,0.001904762,,,
inverted_triangle,0.025,0.021759259,0,0.000462963,0,0.007407407,0.028703704,0,0.000462963,0,0.253703704,0.063425926,0,0.000925926,0.000462963,0.597685185,,,
octagon,0.016666667,0,0.030769231,0,0,0.115384615,0.001282051,0.63974359,0.015384615,0,0,0.166666667,0.014102564,0,0,0,,,
,,,,,,,,,,,,,,,,,,,
% of cluster made up of shape,,,,,,,,,,,,,,,,,,,
cluster/shape,circle,triangle,diamond,inverted_triangle,octagon,,,,,,,,,,,,,,
cluster 0,0.781427946,0.144546649,0.044678055,0.023653088,0.005694262,,,,,,,,,,,,,,
cluster 1,0.746902655,0.127433628,0.042477876,0.083185841,0,,,,,,,,,,,,,,
cluster 2,0.959556275,0,0.034897157,0,0.005546568,,,,,,,,,,,,,,
cluster 3,0.946561542,0.006132282,0.046868156,0.00043802,0,,,,,,,,,,,,,,
cluster 4,0.001407129,0.998592871,0,0,0,,,,,,,,,,,,,,
cluster 5,0.793330408,0.000438789,0.159719175,0.007020623,0.039491005,,,,,,,,,,,,,,
cluster 6,0.882352941,0.021642619,0.061043285,0.034406215,0.000554939,,,,,,,,,,,,,,
cluster 7,0.864394619,0,0.046098655,0,0.089506726,,,,,,,,,,,,,,
cluster 8,0.961344538,0.010504202,0.022689076,0.000420168,0.005042017,,,,,,,,,,,,,,
cluster 9,0.000879894,0.999120106,0,0,0,,,,,,,,,,,,,,
cluster 10,0,0,0,1,0,,,,,,,,,,,,,,
cluster 11,0.785017146,0.015035611,0.129517278,0.036138222,0.034291744,,,,,,,,,,,,,,
cluster 12,0.873940079,0.000282646,0.122668174,0,0.003109101,,,,,,,,,,,,,,
cluster 13,0.068627451,0.928104575,0,0.003267974,0,,,,,,,,,,,,,,
cluster 14,0.016761364,0.982386364,0.000568182,0.000284091,0,,,,,,,,,,,,,,
cluster 15,0.00076864,0.003843198,0.003074558,0.992313605,0,,,,,,,,,,,,,,
,,,,,,,,,,,,,,,,,,,
,,,,,,,,,,,,,,,,,,,
17 clusters,,,,,,,,,,,,,,,,,,,
% of total shape images in cluster,,,,,,,,,,,,,,,,,,,
shape/cluster,cluster 0,cluster 1,cluster 2,cluster 3,cluster 4,cluster 5,cluster 6,cluster 7,cluster 8,cluster 9,cluster 10,cluster 11,cluster 12,cluster 13,cluster 14,cluster 15,cluster 16,,
circle,0.173697369,3.97E-05,0.068613834,0.001944522,0.062145323,0.124687488,0.108575737,0.065359736,0.016468907,0.062185007,0.162982658,0,3.97E-05,0.000198421,0.095876821,0.001666733,0.055518076,,
triangle,0,0.251393534,0.000668896,0.383723523,0.038015608,0.000111483,0.007692308,0.000780379,0.008249721,0.002564103,0,0.000780379,0,0.237792642,0.000445931,0.063433668,0.004347826,,
diamond,0.123333333,0,0.008095238,0.000952381,0.043333333,0.023809524,0.216190476,0.135714286,0.011904762,0.000952381,0.023809524,0.00047619,0.30952381,0,0.055238095,0.00047619,0.046190476,,
inverted_triangle,0,0,0,0.000462963,0.034259259,0,0.118055556,0.008333333,0.019907407,0.001851852,0,0.761574074,0,0,0.000462963,0.000462963,0.05462963,,
octagon,0.673076923,0,0.001282051,0,0.016666667,0.011538462,0.153846154,0.088461538,0,0,0.023076923,0,0,0,0.032051282,0,0,,
,,,,,,,,,,,,,,,,,,,
% of cluster made up of shape,,,,,,,,,,,,,,,,,,,
cluster/shape,circle,triangle,diamond,inverted_triangle,octagon,,,,,,,,,,,,,,
cluster 0,0.848091455,0,0.050184073,0,0.101724472,,,,,,,,,,,,,,
cluster 1,0.000443262,0.999556738,0,0,0,,,,,,,,,,,,,,
cluster 2,0.986309184,0.003422704,0.009697661,0,0.000570451,,,,,,,,,,,,,,
cluster 3,0.014024041,0.985117344,0.00057241,0.000286205,0,,,,,,,,,,,,,,
cluster 4,0.751079137,0.163549161,0.043645084,0.035491607,0.006235012,,,,,,,,,,,,,,
cluster 5,0.981261711,0.000312305,0.01561524,0,0.002810743,,,,,,,,,,,,,,
cluster 6,0.752889378,0.018987342,0.124931205,0.070170611,0.033021464,,,,,,,,,,,,,,
cluster 7,0.812931885,0.003455084,0.140671273,0.008884501,0.034057256,,,,,,,,,,,,,,
cluster 8,0.745062837,0.132854578,0.044883303,0.077199282,0,,,,,,,,,,,,,,
cluster 9,0.981829574,0.014411028,0.001253133,0.002506266,0,,,,,,,,,,,,,,
cluster 10,0.983712575,0,0.011976048,0,0.004311377,,,,,,,,,,,,,,
cluster 11,0,0.004234725,0.000604961,0.995160315,0,,,,,,,,,,,,,,
cluster 12,0.001536098,0,0.998463902,0,0,,,,,,,,,,,,,,
cluster 13,0.002338634,0.997661366,0,0,0,,,,,,,,,,,,,,
cluster 14,0.943013271,0.00156128,0.045277127,0.00039032,0.009758002,,,,,,,,,,,,,,
cluster 15,0.068515498,0.92822186,0.001631321,0.001631321,0,,,,,,,,,,,,,,
cluster 16,0.846339988,0.023593466,0.058681186,0.07138536,0,,,,,,,,,,,,,,
,,,,,,,,,,,,,,,,,,,
,,,,,,,,,,,,,,,,,,,
18 clusters,,,,,,,,,,,,,,,,,,,
% of total shape images in cluster,,,,,,,,,,,,,,,,,,,
shape/cluster,cluster 0,cluster 1,cluster 2,cluster 3,cluster 4,cluster 5,cluster 6,cluster 7,cluster 8,cluster 9,cluster 10,cluster 11,cluster 12,cluster 13,cluster 14,cluster 15,cluster 16,cluster 17,
circle,0,0.016310171,0.148458272,0.001666733,0.076034763,0.09163062,0.17834041,0.050954403,0.002738204,0.06877257,3.97E-05,3.97E-05,7.94E-05,0.096392714,0.06047859,0.125163697,0,0.082900115,
triangle,0,0.008026756,0,0.062207358,0.003121516,0.001114827,0,0.041694537,0.384169454,0.000334448,0.251170569,0.000445931,0.237681159,0.006465998,0.003010033,0,0,0.000557414,
diamond,0.296666667,0.01047619,0.037142857,0,0.021428571,0.023809524,0.111904762,0.035238095,0.000952381,0.15,0,0.001904762,0,0.225238095,0.049047619,0.029047619,0,0.007142857,
inverted_triangle,0,0.021296296,0,0.000925926,0,0.006944444,0.000925926,0.02037037,0.000462963,0.008333333,0,0.601388889,0,0.055092593,0.028703704,0,0.255555556,0,
octagon,0,0,0.033333333,0,0.015384615,0.020512821,0.644871795,0.011538462,0,0.101282051,0,0,0,0.164102564,0,0.008974359,0,0,
,,,,,,,,,,,,,,,,,,,
% of cluster made up of shape,,,,,,,,,,,,,,,,,,,
cluster/shape,circle,triangle,diamond,inverted_triangle,octagon,,,,,,,,,,,,,,
cluster 0,0,0,1,0,0,,,,,,,,,,,,,,
cluster 1,0.745916515,0.130671506,0.039927405,0.083484574,0,,,,,,,,,,,,,,
cluster 2,0.972951886,0,0.020286086,0,0.006762029,,,,,,,,,,,,,,
cluster 3,0.069767442,0.926910299,0,0.003322259,0,,,,,,,,,,,,,,
cluster 4,0.957521239,0.013993003,0.022488756,0,0.005997001,,,,,,,,,,,,,,
cluster 5,0.962083333,0.004166667,0.020833333,0.00625,0.006666667,,,,,,,,,,,,,,
cluster 6,0.858616737,0,0.044898739,0.000382117,0.096102407,,,,,,,,,,,,,,
cluster 7,0.719327731,0.20952381,0.041456583,0.02464986,0.005042017,,,,,,,,,,,,,,
cluster 8,0.019613417,0.979533826,0.000568505,0.000284252,0,,,,,,,,,,,,,,
cluster 9,0.80679702,0.001396648,0.146648045,0.008379888,0.036778399,,,,,,,,,,,,,,
cluster 10,0.000443656,0.999556344,0,0,0,,,,,,,,,,,,,,
cluster 11,0.000764526,0.003058104,0.003058104,0.993119266,0,,,,,,,,,,,,,,
cluster 12,0.000937207,0.999062793,0,0,0,,,,,,,,,,,,,,
cluster 13,0.757405675,0.018085438,0.147489866,0.03710633,0.039912691,,,,,,,,,,,,,,
cluster 14,0.888111888,0.015734266,0.06002331,0.036130536,0,,,,,,,,,,,,,,
cluster 15,0.978895096,0,0.01893234,0,0.002172564,,,,,,,,,,,,,,
cluster 16,0,0,0,1,0,,,,,,,,,,,,,,
cluster 17,0.990516833,0.002370792,0.007112376,0,0,,,,,,,,,,,,,,
,,,,,,,,,,,,,,,,,,,
,,,,,,,,,,,,,,,,,,,
19 clusters,,,,,,,,,,,,,,,,,,,
% of total shape images in cluster,,,,,,,,,,,,,,,,,,,
shape/cluster,cluster 0,cluster 1,cluster 2,cluster 3,cluster 4,cluster 5,cluster 6,cluster 7,cluster 8,cluster 9,cluster 10,cluster 11,cluster 12,cluster 13,cluster 14,cluster 15,cluster 16,cluster 17,cluster 18
circle,0.179530934,0.063018374,0.000793682,0.000555578,0.162585817,0.116591928,0.001468312,0.080241279,0.069645621,0.017143537,0.088495575,0,3.97E-05,0,0.003174729,0,0.082106433,3.97E-05,0.134568832
triangle,0,0.005797101,0.146265329,0.14180602,0,0.004236343,0.055072464,0.010925307,0.000111483,0.00657748,0.001003344,0.172017837,0.189409142,0,0.265774805,0,0.000780379,0.000111483,0.000111483
diamond,0.115238095,0.05,0,0,0.036190476,0.233809524,0,0.043333333,0.145238095,0.011904762,0.021904762,0,0,0.305714286,0.002380952,0,0.007142857,0.001904762,0.025238095
inverted_triangle,0,0.030555556,0,0,0,0.060648148,0.000462963,0.024537037,0.008333333,0.022222222,0.000462963,0,0,0,0.001851852,0.25462963,0,0.596296296,0
octagon,0.665384615,0.001282051,0,0,0.023076923,0.167948718,0,0.016666667,0.091025641,0,0.015384615,0,0,0,0,0,0,0,0.019230769
,,,,,,,,,,,,,,,,,,,
% of cluster made up of shape,,,,,,,,,,,,,,,,,,,
cluster/shape,circle,triangle,diamond,inverted_triangle,octagon,,,,,,,,,,,,,,
cluster 0,0.856007569,0,0.045789972,0,0.09820246,,,,,,,,,,,,,,
cluster 1,0.876379691,0.028697572,0.05794702,0.036423841,0.000551876,,,,,,,,,,,,,,
cluster 2,0.015015015,0.984984985,0,0,0,,,,,,,,,,,,,,
cluster 3,0.01088647,0.98911353,0,0,0,,,,,,,,,,,,,,
cluster 4,0.977570985,0,0.018134097,0,0.004294918,,,,,,,,,,,,,,
cluster 5,0.787878788,0.0101904,0.131670689,0.035130062,0.035130062,,,,,,,,,,,,,,
cluster 6,0.069548872,0.928571429,0,0.001879699,0,,,,,,,,,,,,,,
cluster 7,0.88801054,0.043039087,0.039964866,0.023276241,0.005709267,,,,,,,,,,,,,,
cluster 8,0.81627907,0.000465116,0.141860465,0.008372093,0.033023256,,,,,,,,,,,,,,
cluster 9,0.765957447,0.104609929,0.044326241,0.085106383,0,,,,,,,,,,,,,,
cluster 10,0.970409051,0.003916449,0.020017406,0.000435161,0.005221932,,,,,,,,,,,,,,
cluster 11,0,1,0,0,0,,,,,,,,,,,,,,
cluster 12,0.000588235,0.999411765,0,0,0,,,,,,,,,,,,,,
cluster 13,0,0,1,0,0,,,,,,,,,,,,,,
cluster 14,0.032349373,0.964011322,0.002021836,0.001617469,0,,,,,,,,,,,,,,
cluster 15,0,0,0,1,0,,,,,,,,,,,,,,
cluster 16,0.989478718,0.003347681,0.007173601,0,0,,,,,,,,,,,,,,
cluster 17,0.000772798,0.000772798,0.00309119,0.995363215,0,,,,,,,,,,,,,,
cluster 18,0.980057803,0.000289017,0.015317919,0,0.00433526,,,,,,,,,,,,,,
,,,,,,,,,,,,,,,,,,,
,,,,,,,,,,,,,,,,,,,
Metrics,,,,,,,,,,,,,,,,,,,
2 clusters,0.338752259,,,,,,,,,,,,,,,,,,
3 clusters,0.248525652,,,,,,,,,,,,,,,,,,
4 clusters,0.756204321,,,,,,,,,,,,,,,,,,
5 clusters,0.360619703,,,,,,,,,,,,,,,,,,
6 clusters,1.309628202,,,,,,,,,,,,,,,,,,
7 clusters,1.509716722,,,,,,,,,,,,,,,,,,
8 clusters,1.716835814,,,,,,,,,,,,,,,,,,
9 clusters,1.587073184,,,,,,,,,,,,,,,,,,
10 clusters,1.74700009,,,,,,,,,,,,,,,,,,
11 clusters,2.266471967,,,,,,,,,,,,,,,,,,
12 clusters,2.371306693,,,,,,,,,,,,,,,,,,
13 clusters,2.375296228,,,,,,,,,,,,,,,,,,
14 clusters,2.363871877,,,,,,,,,,,,,,,,,,
15 clusters,2.042662012,,,,,,,,,,,,,,,,,,
16 clusters,2.337016636,,,,,,,,,,,,,,,,,,
17 clusters,2.052388795,,,,,,,,,,,,,,,,,,
18 clusters,2.240820481,,,,,,,,,,,,,,,,,,
19 clusters,2.372302637,,,,,,,,,,,,,,,,,,
